,coinbase_id,name,website_url,weekly_visits,countries,fiats,blog_url,twitter_url,date_launched,status,#,exchange_score,volume_24h,percent_change_volume_24h,effective_liquidity_24h,num_market_pairs,num_coins,
0,16,Poloniex,https://poloniex.com,409755,,,,https://twitter.com/Poloniex,2014-01-10,active,20,6.5,€134152989,118.24%,500,435,283,
1,22,Bittrex,https://bittrex.com,286343,,USD,https://support.bittrex.com/hc/en-us/sections/360000567032-Blog,https://twitter.com/BittrexExchange,2014-02-13,active,23,6.0,€110898943,61.84%,400,865,452,
2,24,Kraken,https://www.kraken.com,2372787,,"USD,EUR,GBP,CAD,JPY,CHF,AUD",https://blog.kraken.com/,https://twitter.com/krakenfx,2011-07-28,active,4,8.1,€1487822962,114.49%,735,401,106,
3,32,Bleutrade,https://bleutrade.com,3509,,,,,2014-03-21,active,270,0.1,€,40.72%,,10,8,
4,34,Bittylicious,https://bittylicious.com,4527,,"EUR,GBP",,,2013-05-22,active,216,2.7,€60142,3.61%,,9,8,
5,36,CEX.IO,https://cex.io,410730,,"USD,EUR,GBP,RUB",http://blog.cex.io/,https://twitter.com/cex_io,2013-06-30,active,69,4.5,€39171996,200.86%,490,220,107,
6,37,Bitfinex,https://www.bitfinex.com,923184,,"USD,EUR,GBP,JPY",http://blog.bitfinex.com/,https://twitter.com/bitfinex,2012-10-11,active,7,7.5,€1326698562,142.8%,615,391,173,
7,42,HitBTC,https://hitbtc.com,363773,,"USD,EUR,GBP,SGD,IDR",https://blog.hitbtc.com/,https://twitter.com/hitbtc,2013-12-01,active,73,4.4,€5645108067,56.86%,458,748,413,
8,50,EXMO,https://exmo.me/,850338,CMC-EN-UK,"USD,RUB,EUR,GBP,KZT,UAH",https://info.exmo.com/en/,https://twitter.com/Exmo_com,2015-04-05,active,68,4.5,€74026626,34.46%,470,170,62,
9,61,Okcoin,https://www.okcoin.com,202654,,"USD,EUR",,https://twitter.com/OKCoin,2013-04-20,active,26,5.9,€45170553,50.2%,641,38,33,
10,68,Indodax,https://indodax.com/,2348812,ID,IDR,https://blog.indodax.com/,https://twitter.com/indodax,2014-02-15,active,42,5.3,€51537770,49.3%,464,187,186,
11,70,Bitstamp,https://www.bitstamp.net,580465,,"USD,EUR,GBP",https://www.bitstamp.net/news/,https://twitter.com/Bitstamp,2011-07-04,active,13,7.1,€480302631,159.49%,588,134,53,
12,72,itBit,https://www.itbit.com,310,,USD,https://www.itbit.com/blog,,2013-01-01,active,271,0.1,€,0.08%,,5,6,
13,73,Zaif,https://zaif.jp,929459,,JPY,https://zaif.jp/news,,2014-05-28,active,29,5.8,€6470383,195.01%,452,15,9,
14,77,The Rock Trading,https://therocktrading.com,17650,,"EUR,GBP",https://medium.com/the-rock-trading,https://twitter.com/therocktrading,2011-01-25,active,90,4.1,€2290477,183.61%,492,19,14,
15,80,CoinMate,https://coinmate.io,45264,,"EUR,CZK",https://coinmate.io/news,,2013-12-12,active,103,3.9,€3309876,220.53%,419,17,8,
16,82,Zonda (BitBay),https://zondaglobal.com/,166601,EE,"USD,EUR,GBP,PLN",https://steemit.com/@bitbay.net,https://twitter.com/zondaglobal,2014-02-01,active,164,3.3,€23753229,118.34%,421,161,57,
17,89,Coinbase Exchange,https://pro.coinbase.com,4373686,,"USD,EUR,GBP",https://blog.coinbase.com/,https://twitter.com/CoinbasePro,2014-05-24,active,2,8.8,€6138769919,164.95%,707,437,148,
18,95,Bitex.la,https://bitex.la,3568,,USD,https://blog.bitex.la/,,2013-12-29,active,272,0.1,€,%,,1,2,
19,96,Bitonic,https://bitonic.nl,31314,,EUR,,https://twitter.com/bitonic,2012-03-09,active,187,2.9,€1326588,97.93%,,1,2,
20,100,YoBit,https://yobit.net,412488,,,,https://twitter.com/YobitExchange,2014-08-25,active,238,2.5,€94499013,14.13%,156,259,214,
21,102,Huobi Global,https://www.huobi.com/,2666282,,"ALL,AUD,BRL,BGN,CZK,CHF,DKK,EUR,GBP,HKD,HRK,HUF,KZT,MDL,MKD,NOK,NZD,PHP,PLN,SAR,SEK,THB,TRY,UAH,USD,RON,VND,CAD,RUB,ARS,AZN,CLP,COP,CRC,DOP,GEL,ILS,JPY,MAD,MXN,NAD,PEN,QAR,UYU,UZS,SGD,INR,KRW,TWD,IDR",,https://twitter.com/HuobiGlobal,2013-09-01,active,6,7.9,€2749789671,141.17%,625,1065,408,
22,104,LiteBit.eu,https://www.litebit.eu/,176857,,EUR,,,2013-12-04,active,177,3.1,€5446593,177.58%,,64,65,
23,106,Coincheck,https://coincheck.com/,934279,,JPY,https://coincheck.blog/,https://twitter.com/coincheckjp,2012-08-28,active,16,6.8,€111233304,182.03%,591,1,2,
24,112,Liquid,https://www.liquid.com/,65755,,"USD,JPY,EUR,SGD,AUD,HKD",https://blog.liquid.com/,https://twitter.com/Liquid_Global,2014-01-01,active,21,6.2,€123091614,138.39%,470,231,132,
25,121,SouthXchange,https://www.southxchange.com/,31506,,USD,,,2015-02-20,active,232,2.6,€215436,11.37%,145,152,94,
26,125,Bitso,https://bitso.com,666741,,"MXN,ARS",https://blog.bitso.com/,https://twitter.com/bitso,2014-05-17,active,67,4.6,€37176042,167.53%,508,24,14,
27,127,BTCBOX,https://www.btcbox.co.jp/,6014,,JPY,,,2014-03-06,active,153,3.4,€32987369,22.21%,265,1,2,
28,137,CoinCorner,https://www.coincorner.com/,14434,,"GBP,EUR",http://blog.coincorner.com/,,2014-07-14,active,193,2.9,€950879,174.3%,,2,3,
29,139,bitFlyer,https://bitflyer.com/en-us/,872926,,"USD,JPY,EUR",,https://twitter.com/bitFlyer,2014-01-09,active,15,7.0,€290660213,151.19%,578,9,8,
30,142,ISX,https://beta.isx.is,,,ISK,,,2016-06-02,active,235,2.5,€4797,59382.5%,,1,2,
31,151,Gemini,https://gemini.com/,684051,,"USD, GBP, EUR, HKD, SGD, AUD, CAD",https://gemini.com/blog,https://twitter.com/Gemini,2015-10-01,active,10,7.3,€323700985,202.78%,667,97,77,
32,154,Dex-Trade,https://dex-trade.com/,152051,,,https://dex-trade.com/news,https://twitter.com/dextrade_,2018-12-18,active,76,4.4,€231366074,32.34%,398,139,71,
33,155,Exrates,https://exrates.me/,3988,,,,https://twitter.com/Exrates_Me,2016-04-18,active,250,2.0,€36784018,81.56%,,88,42,
34,157,BitMEX,https://www.bitmex.com/,996031,,,https://blog.bitmex.com/,https://twitter.com/BitMEXdotcom,2014-04-01,active,273,0.1,€,149.37%,,25,10,
35,166,Independent Reserve,https://www.independentreserve.com/,52361,,"USD,AUD,NZD,SGD",,,2013-05-24,active,82,4.3,€14351146,77.1%,477,65,30,
36,171,Luno,https://www.luno.com/en/exchange,381361,,"AUD,EUR,GBP,IDR,MYR,GNG,SGD,UGX,ZAR,ZMW",https://www.luno.com/blog/en/,,2017-02-11,active,65,4.6,€41400177,97.57%,507,26,13,
37,174,Coinone,https://coinone.co.kr/,641026,,KRW,,https://twitter.com/CoinoneOfficial,2014-06-11,active,18,6.5,€237162937,73.77%,487,190,191,
38,191,Bisq,https://bisq.network/,49586,,,https://bisq.network/blog/,https://twitter.com/bisq_network,2014-12-11,active,,,,,,,,
39,194,Korbit,https://www.korbit.co.kr,80245,,KRW,,,2013-07-25,active,31,5.6,€13942271,42.3%,396,78,80,
40,200,Bithumb,https://www.bithumb.com/,1130397,,KRW,https://blog.naver.com/bithumb_official,https://twitter.com/BithumbOfficial,2014-01-01,active,17,6.8,€1070374862,18.19%,438,273,195,
41,201,Lykke Exchange,https://trade.lykke.com/,2418,,"USD,EUR,CHF,GBP",https://www.lykke.com/city/blog,https://twitter.com/lykke,2016-06-29,active,94,4.1,€1962235,1858.92%,484,66,20,
42,209,Kuna,https://kuna.io,82488,,"USD,RUB,UAH",https://investors.kuna.io/,https://twitter.com/KunaExchange,2016-03-12,active,134,3.6,€1770909,51.15%,351,42,25,
43,213,Mercatox,https://mercatox.com/,64151,,,,https://twitter.com/MercatoxCom,2015-10-12,active,217,2.7,€19520960,16.06%,280,378,222,
44,215,P2PB2B,https://p2pb2b.io/,339230,,,,https://twitter.com/p2pb2b,2018-01-01,active,99,3.9,€789930724,145.36%,424,183,91,
45,219,Tidex,https://tidex.com/,8530,,,https://medium.com/tidex,https://twitter.com/tidex_exchange,2017-10-18,active,245,2.3,€395396,2.4%,265,29,20,
46,221,Heat Wallet,https://heatwallet.com/,295,,,,,2016-02-08,active,268,1.3,€38,%,,1,2,
47,223,FreiExchange,https://freiexchange.com/,54055,,,,https://twitter.com/fed_fab,2016-12-20,active,269,1.3,€8304,5.62%,64,44,45,
48,224,BTC Markets,https://btcmarkets.net/,234847,,AUD,,https://twitter.com/BTCMarkets,2013-11-22,active,83,4.2,€12041172,219.93%,464,19,17,
49,225,Paribu,https://www.paribu.com/,1121517,,TRY,,https://twitter.com/paribucom,2017-02-14,active,72,4.4,€116592252,55.3%,423,90,81,
50,228,BTC-Alpha,https://btc-alpha.com/,172596,,"USD,EUR",,,2016-03-01,active,185,3.0,€30435548,134.56%,346,23,17,
51,232,Coingi,https://coingi.com/,589,,"USD,EUR,CZK",,https://twitter.com/coingi,2014-08-01,active,229,2.6,€35733,223.89%,163,1,2,
52,234,RippleFox,https://ripplefox.com/,225,,,,,2014-05-01,active,221,2.7,€27566,261.74%,,8,5,
53,235,Gatehub,https://www.gatehub.net/,31042,,"USD,EUR",http://blog.gatehub.net/,https://twitter.com/GateHub,2014-11-01,active,274,0.1,€,61.44%,,2,2,
54,242,COSS,https://www.coss.io/,2511,,,https://coss.io/news,https://twitter.com/cosscrypto,2017-04-01,active,209,2.7,€1194274,29.96%,161,10,11,
55,243,BtcTurk | Pro,https://pro.btcturk.com/,625147,,TRY,https://medium.com/@btcturk,https://twitter.com/btcturkpro,2013-07-02,active,56,4.8,€225959670,89.91%,483,126,50,
56,245,STEX,https://www.stex.com/,22042,,,,https://twitter.com/stexExchangeR,2017-09-01,active,260,1.6,€16401458,10.98%,44,263,204,
57,246,Waves Exchange,https://waves.exchange/,223961,,,,https://twitter.com/waves_exchange,2016-06-01,active,,,,,,,,
58,248,Koinim,https://koinim.com/,9100,,TRY,http://blog.koinim.com/,,2013-04-01,active,223,2.6,€9754,104.68%,,6,7,
59,250,Buda,https://www.buda.com,166874,,"CLP,COP,PEN,ARS",https://www.buda.com/blog/,https://twitter.com/BudaPuntoCom,2015-04-21,active,112,3.8,€3567541,135.99%,395,18,8,
60,252,BTC Trade UA,https://btc-trade.com.ua/,17923,,UAH,http://news.btc-trade.com.ua/,https://twitter.com/btc_trade_ua,2014-05-01,active,206,2.8,€121166,79.2%,196,13,14,
61,253,LocalTrade,https://localtrade.cc/,85248,,,,https://twitter.com/LocaltradeC,2017-11-04,active,104,3.9,€140348089,79.61%,509,143,54,
62,257,Bitbank,https://bitbank.cc,318164,,JPY,https://blog.bitbank.cc/,https://twitter.com/bitbank_inc,2014-05-07,active,45,5.1,€104961601,202.96%,598,22,13,
63,258,Mercado Bitcoin,https://www.mercadobitcoin.com.br/,480919,,BRL,https://blog.mercadobitcoin.com.br/,https://twitter.com/MercadoBitcoin,2013-06-12,active,86,4.2,€7314038,162.41%,474,17,12,
64,261,Altcoin Trader,https://www.altcointrader.co.za/,317975,,ZAR,,https://twitter.com/AltCoinTraderSA,2014-07-01,active,184,3.1,€3048626,33.22%,,28,27,
65,267,Bancor Network,https://www.bancor.network/,51044,,,https://blog.bancor.network/,https://twitter.com/bancor,2017-01-01,active,,,,,,,,
66,270,Binance,https://www.binance.com/,34051317,,"AED,ARS,AUD,AZN,BRL,CAD,CHF,CLP,COP,CZK,EGP,EUR,GBP,GHS,HKD,HRK,HUF,IDR,ILS,INR,ISK,JPY,KES,KRW,KZT,MXN,NGN,NOK,NZD,PEN,PHP,PLN,RON,RUB,SAR,SEK,SGD,THB,TRY,TWD,UAH,UGX,USD,UYU,VND,ZAR",,https://twitter.com/binance,2017-07-14,active,1,9.9,€20654428911,107.21%,805,1615,401,
67,278,Bits Blockchain,https://bitsblockchain.com/,188,,,,,2017-11-23,active,263,1.4,€40825,10.43%,,4,5,
68,280,Tidebit,https://www.tidebit.com/,1663,,HKD,,,2015-01-01,active,194,2.9,€567021,365.52%,,8,8,
69,290,CryptoMarket,https://www.cryptomkt.com/,135685,,"CLP,ARS,BRL",https://noticias.cryptomkt.com,https://twitter.com/cryptomkt,2017-01-01,active,275,0.1,€,%,,12,7,
70,294,OKX,https://www.okx.com/,42,SC,,,https://twitter.com/OKEx,2017-01-03,active,100,3.9,€2395881583,115.05%,203,691,324,
71,302,Gate.io,https://gate.io/,7090018,,"KRW,EUR",,https://twitter.com/gate_io,2013-01-01,active,8,7.4,€1541399462,98.51%,527,2219,1253,
72,310,IDEX,https://idex.io,42800,,,https://medium.com/aurora-dao,https://twitter.com/idexio,2016-10-12,active,,,,,,,,
73,311,KuCoin,https://www.kucoin.com,4250751,,"USD,AED,ARS,AUD,AGN,BGN,BRL,CAD,CHF,CLP,COP,CRC,CZK,DKK,DOP,EUR,GBP,GEL,HKD,HUF,ILS,INR,JPY,KRW,KZT,MAD,MDL,MXN,MYR,NAD,NGN,NOK,NZD,PEN,PHP,PLN,QAR,RON,RUB,SEK,SGD,TRY,TWD,UAH,USD,UYU,UZS,ZAR",https://www.kucoin.com/blog/en_US,https://twitter.com/kucoincom,2017-08-13,active,5,7.9,€3425343953,110.26%,593,1173,598,
74,316,BitcoinTrade,https://www.bitcointrade.com.br/,23968,,BRL,,https://twitter.com/br_bitcointrade,2017-06-01,active,189,2.9,€1178367,221.77%,,7,8,
75,317,TOPBTC,https://topbtc.one/,466,,,,https://twitter.com/topbtc_exchange,2016-12-17,active,276,0.1,€,94.87%,,40,17,
76,319,AEX,https://www.aex.com/,732237,,"AUD,CAD,CZK,DKK,GBP,HKD,IDR,INR,MYR,NDK,NZD,PHP,PLN,RUB,SEK,SGD,THB,TRY,USD,VND",https://medium.com/@aexplus,https://twitter.com/aexplus,,active,71,4.5,€943004927,323.9%,520,340,302,
77,320,CoinFalcon,https://coinfalcon.com/,7578,,EUR,https://coinfalcon.com/blog/,https://twitter.com/coinfalcon,2017-05-28,active,178,3.1,€13051,369.98%,297,8,8,
78,321,Coinut,https://coinut.com/,10903,,SGD,,https://twitter.com/coinut_exchange,2013-11-23,active,129,3.6,€50670,728.57%,414,24,10,
79,325,Satang Pro,https://satangcorp.com/exchange/,118121,,THB,,https://twitter.com/satangcorp,2017-11-01,active,119,3.8,€2335529,52.12%,391,35,36,
80,326,ZB.COM,https://www.zb.com/,197815,,"AED,CNY,RUB,UYU,USD,CAD,TWD,HUP,UZS,AUD,COP,NZD",https://www.zb.com/i/blog,https://twitter.com/Zb_group,2017-11-01,active,33,5.5,€1254848080,97.59%,410,248,170,
81,330,BigONE,https://big.one/,563351,,,https://bigone.zendesk.com/hc/en-us/sections/115000476773-Latest-News,https://twitter.com/BigONEexchange,2017-06-24,active,41,5.3,€1048336971,82.75%,522,204,169,
82,333,LBank,https://www.lbank.info/,1434880,,,https://medium.com/LBank,https://twitter.com/LBank_Exchange,2016-10-01,active,25,6.0,€899120196,5.66%,443,475,467,
83,335,GOPAX,https://www.gopax.co.kr,87660,,KRW,,,2017-06-14,active,186,3.0,€4235697,15.47%,198,20,21,
84,339,Bibox,https://www.bibox.com/,146264,,,https://www.linkedin.com/company/14405898,https://twitter.com/Bibox365,2017-11-01,active,126,3.7,€648901455,148.47%,390,355,268,
85,343,CoinBene,https://www.coinbene.com/,17375,,,,https://twitter.com/coinbene,2017-09-20,active,277,0.1,€,%,,128,4,
86,350,CoinEx,https://www.coinex.com/,1029489,,,,https://twitter.com/coinexcom,2017-12-01,active,54,4.9,€97845755,92.61%,547,627,395,
87,351,Upbit,https://upbit.com/,3124629,,KRW,,https://twitter.com/upbitglobal,2017-10-24,active,27,5.9,€2983634649,93.59%,497,234,157,
88,353,OTCBTC,https://otcbtc.com/,1264,,,https://medium.com/otcbtc,https://twitter.com/otcbtc,2017-10-01,active,265,1.3,€1449,6.18%,,1,2,
89,354,TradeOgre,https://tradeogre.com/,702249,,,,,2018-01-01,active,191,2.9,€1009317,47.12%,,86,81,
90,360,C-Patex,https://c-patex.com/,10622,,,,https://twitter.com/c_patex,2014-11-01,active,278,0.1,€,5.49%,,35,28,
91,362,CRXzone,https://www.crxzone.com/,351,,"USD,SGD",https://www.crxzone.com/company/news,https://twitter.com/crxzone,2014-04-01,active,279,0.1,€,74.2%,,4,2,
92,363,Fatbtc,https://www.fatbtc.com/,3980,,,,https://twitter.com/fatbtc,2014-05-01,active,266,1.3,€727090,5.16%,42,83,49,
93,364,Paymium,https://www.paymium.com/,8272,,EUR,,https://twitter.com/paymium,2010-05-01,active,169,3.3,€418066,326.69%,301,1,2,
94,367,DDEX,https://ddex.io/,1231,,,https://medium.com/ddex,https://twitter.com/ddexio2018,2017-12-12,active,,,,,,,,
95,369,RuDEX,https://rudex.org/,595,,,,https://twitter.com/team_rudex,2017-04-18,active,261,1.5,€6617,6669.22%,122,23,10,
96,370,ZebPay,https://www.zebpay.com/,61932,,"AUD,INR,SGD",,https://twitter.com/zebpay,2014-08-01,active,131,3.6,€10588520,11.59%,320,117,65,
97,376,Bitbns,https://bitbns.com/,187672,,INR,https://medium.com/bitbns,https://twitter.com/bitbns,2017-11-01,active,97,4.0,€25844686,33.01%,386,156,137,
98,378,Unocoin,https://www.unocoin.com/,21813,IN,,,https://twitter.com/unocoin,2011-09-01,active,158,3.3,€277538,193.56%,130,64,35,
99,380,LATOKEN,https://latoken.com/,185995,,"USD,EUR,GBP,SGD,IDR",https://medium.com/@latoken,https://twitter.com/latokens,2017-07-01,active,107,3.9,€134432928,61.34%,485,588,463,
100,382,Crex24,https://crex24.com/,268930,,,https://bitcointalk.org/index.php?topic=2101721.0,https://twitter.com/crex_24,2017-08-01,active,,,,,,,,
101,384,Bithesap,https://www.bithesap.com/,1624,,TRY,,https://twitter.com/bithesapcom,2017-12-01,active,234,2.5,€51,%,,2,3,
102,385,Cryptonex,https://cryptonex.org,379,,"USD,EUR,RUB,GBP,BRL",,https://twitter.com/Cryptonex_CNX,2017-10-01,active,203,2.8,€27165758,197.62%,163,12,8,
103,391,CoinTiger,https://www.cointiger.com,82083,,,,https://twitter.com/CoinTigerEX,2017-12-01,active,113,3.8,€280482471,87.93%,471,484,396,
104,392,B2BX,https://www.b2bx.exchange/,2327,,"USD,EUR,GBP",https://www.b2bx.exchange/category/news/,https://twitter.com/b2bx_exchange,2018-01-01,active,123,3.7,€42548955,101.34%,351,38,26,
105,398,DragonEX,https://dragonex.io,8473,,,,https://twitter.com/Dragonex_io,2017-11-02,active,249,2.1,€433355241,4.96%,98,124,121,
106,400,Hotbit,https://www.hotbit.io/,1460107,,,,https://twitter.com/Hotbit_news,2018-01-14,active,149,3.4,€265260088,42.65%,323,1997,1502,
107,401,Switcheo Network,https://switcheo.network,71,,,,https://twitter.com/SwitcheoNetwork,2018-03-31,active,,,,,,,,
108,402,Coinsuper,https://www.coinsuper.com/,226553,,,https://medium.com/coinsuper,https://twitter.com/Coinsuper_OFCL,2018-02-27,active,257,1.8,€6584166,1.34%,104,37,32,
109,403,BitForex,https://www.bitforex.com,480372,,,,https://twitter.com/bitforexcom,2018-06-01,active,105,3.9,€456227327,45.14%,414,227,188,
110,404,Kyber Network,https://kyber.network/,16704,,,,https://twitter.com/kybernetwork,2018-02-11,active,,,,,,,,
111,405,Coindeal,https://coindeal.com/,9330,,,,https://twitter.com/CoinDeal_,2018-03-01,active,96,4.0,€12770251,148.73%,433,20,20,
112,406,BitMart,https://bitmart.com,959959,,"USD,EUR",https://medium.com/@bitmart-exchange,https://twitter.com/BitMartExchange,2018-03-15,active,59,4.8,€663955531,29.73%,387,629,558,
113,407,DigiFinex,https://www.digifinex.com/,2395739,,,,https://twitter.com/digifinex,2018-04-01,active,57,4.8,€2601504595,129.59%,493,291,231,
114,411,Tokenomy,https://tokenomy.com/,1450,,,https://medium.com/@tokenomy,https://twitter.com/tokenomy,2018-01-27,active,222,2.7,€18349,6.5%,,37,2,
115,415,Bilaxy,https://bilaxy.com/,94963,,,,,2018-04-24,active,151,3.4,€237935,7.63%,552,25,29,
116,419,Graviex,https://graviex.net/,88708,,,,https://twitter.com/graviex_net,2018-02-06,active,243,2.3,€324314,37.73%,86,167,115,
117,421,IDCM,https://www.idcm.io/,5642,,,https://www.idcm.io/news/announcement,https://twitter.com/idcmofficial,2018-04-02,active,280,0.1,€,0.1%,,25,23,
118,422,ABCC,https://abcc.com/,2659,,USD,,https://twitter.com/ABCCExOfficial,2018-04-28,active,212,2.7,€331052505,14.47%,276,99,48,
119,424,Hoo,https://hoo.com/,135788,,,https://medium.com/@Hoo_exchange,https://twitter.com/hoo_exchange,2018-05-18,active,130,3.6,€618106635,17.59%,386,660,649,
120,425,WazirX,https://wazirx.com/,2621501,,INR,https://blog.wazirx.com/,https://twitter.com/WazirXIndia,2018-03-08,active,39,5.3,€74473711,100.52%,463,384,225,
121,427,Bitfront,https://www.bitfront.me/,59325,,USD,https://linecorp.com/en/pr/news/global/,https://twitter.com/bitfront_global,2018-07-12,active,55,4.9,€336259537,184.97%,530,13,7,
122,430,ZBG,https://www.zbg.com/,13921,,,https://medium.com/@ZBGofficial,https://twitter.com/ZB_Global,2018-07-25,active,139,3.5,€337988518,87.03%,445,97,75,
123,433,Bitrue,https://www.bitrue.com/,485771,,,,https://twitter.com/BitrueOfficial,2018-07-20,active,48,5.0,€2191291561,85.72%,429,502,376,
124,434,YunEx,https://yunex.io/,412,,,,https://twitter.com/YunEx_io,2018-01-01,active,258,1.7,€14603241,9.4%,,15,16,
125,436,Bitkub,https://www.bitkub.com/,1316617,,THB,https://medium.com/bitkub/thai/home,https://twitter.com/bitkubofficial,2018-02-14,active,61,4.6,€134167510,139.8%,456,56,57,
126,438,Bgogo,https://bgogo.com/,1103,,,https://bgogohelp.zendesk.com/hc/en-us/categories/360000939012-Announcements,https://twitter.com/BgogoExchange,2018-05-28,active,201,2.8,€352519,10.01%,,31,19,
127,440,Cryptology,https://cryptology.com/,173339,,"USD,EUR",https://blog.cryptology.com/,https://twitter.com/Cryptologyexch,2018-01-01,active,64,4.6,€53336840,87.71%,498,46,21,
128,442,Coinbit,https://www.coinbit.co.kr/,21465,,KRW,https://www.coinbit.co.kr/customer/main,https://twitter.com/coinbit_coinbit,2018-07-23,active,236,2.5,€3,0.23%,,1,2,
129,443,GDAC,https://www.gdac.com,22279,,KRW,https://blog.naver.com/official_gdac,,2018-08-12,active,241,2.3,€585269,35.13%,83,9,10,
130,446,TOKOK,https://www.tokok.com/,4321,,,https://www.weibo.com/tokokcom,https://twitter.com/tokokofficial,2018-06-30,active,202,2.8,€261606833,0.17%,296,39,26,
131,452,Coineal,https://www.coineal.com/,10983,,,,https://twitter.com/CoinealExchange,2018-04-23,active,147,3.5,€50546845,13.03%,467,13,11,
132,453,AscendEX (Bitmax),https://www.ascendex.com/,689478,,,https://medium.com/ascendex,https://twitter.com/AscendEX_Global,2018-07-01,active,35,5.4,€122446925,32.38%,454,336,264,
133,456,PoloniDEX,https://poloniex.org/,21879,,,,https://twitter.com/PoloniDEX,2018-12-01,active,,,,,,,,
134,459,BW.com,https://www.bw.com/,30608,,,https://bwexchange.zendesk.com/hc/en-us,https://twitter.com/BWOfficial2,2017-01-01,active,211,2.7,€41721274,1.98%,270,42,38,
135,460,Coinsbit,https://coinsbit.io/,1092104,,"USD,EUR",,https://twitter.com/c0insbit,2018-08-21,active,50,5.0,€718645508,106.91%,639,158,72,
136,463,Huobi Korea,https://www.huobi.co.kr/,1839,,KRW,,https://twitter.com/huobi_korea,2018-03-30,active,281,0.1,€,125821.69%,,267,13,
137,468,OceanEx,https://oceanex.pro/,14296,,,https://medium.com/@OceanEx/,https://twitter.com/OceanexOfficial,2018-11-01,active,246,2.3,€59611110,6.31%,169,84,47,
138,477,ProBit Global,https://www.probit.com/en-us/,594675,,,https://medium.com/@ProBit_Exchange,https://twitter.com/ProBit_Exchange,2018-11-30,active,37,5.4,€181198097,13.22%,425,734,541,
139,478,BHEX (BlueHelix Exchange),https://www.bhex.com/,942,,,,https://twitter.com/BHEXOfficial,2018-12-03,active,282,0.1,€,99.19%,,15,5,
140,479,Dcoin,https://www.dcoin.com/,43423,,,https://medium.com/dcoin-exchange,https://twitter.com/dcoinexchange,2018-05-01,active,176,3.2,€802886617,34.83%,296,125,115,
141,480,Cat.Ex,https://www.catex.io/,30623,,,https://www.catex.io/announcement,https://twitter.com/catexofficial,2018-08-13,active,188,2.9,€87569166,3.14%,308,151,80,
142,481,Alterdice,https://alterdice.com/,8329,,,https://alterdice.com/news,https://twitter.com/AlterdiceSocial,2018-10-22,active,142,3.5,€42025770,64.03%,285,63,36,
143,482,BKEX,https://www.bkex.com/,435891,,,,https://twitter.com/BKEXGlobal,2018-06-01,active,101,3.9,€753662660,48.43%,409,650,605,
144,483,Hanbitco,https://www.hanbitco.com/,2911,,,https://medium.com/@hanbitco.com,https://twitter.com/HanbitcoKr,2017-11-01,active,128,3.6,€8029869,10.51%,153,19,20,
145,485,CoinField,https://www.coinfield.com/,18787,,,https://coinfield.com/company/crypto-currency-exchange,https://twitter.com/CoinFieldEx,2018-01-01,active,213,2.7,€15740475,68.16%,294,75,28,
146,486,Binance DEX,https://www.binance.org/en,505446,,,,https://twitter.com/BinanceChain,2019-02-20,active,,,,,,,,
147,487,VinDAX,https://vindax.com/,67359,,,https://medium.com/@VindaxExchange,https://twitter.com/VinDAXOfficial,2019-03-08,active,124,3.7,€50919514,14.99%,488,286,176,
148,488,CoinMetro,https://coinmetro.com/,83700,,"USD,EUR,GBP,AUD",https://coinmetro.com/blog/,https://twitter.com/CoinMetro,2017-12-04,active,122,3.7,€3524343,59.29%,374,45,25,
149,489,BitGlobal,https://www.bitglobal.com/,53715,,"RUB,TRY",https://medium.com/@bithumbglobal,https://twitter.com/BithumbGlobal,2019-05-14,active,79,4.4,€514849047,198.14%,193,308,255,
150,491,SafeTrade,https://www.safe.trade/,11395,,,,https://twitter.com/safetradeex,,active,252,2.0,€15179,58.07%,35,47,28,
151,492,VELIC,https://www.velic.io/,408,,,https://medium.com/velicfinancial,https://twitter.com/velicfinancial,2018-10-01,active,283,0.1,€,%,,22,18,
152,495,Folgory,https://folgory.com/,126374,,,,https://twitter.com/Folgory1,2019-01-24,active,115,3.8,€75147081,11.57%,490,231,95,
153,496,Exnomy,https://www.exnomy.com/,207,,,,https://twitter.com/exnomy,2018-06-01,active,284,0.1,€,100%,,15,13,
154,497,BiONE,https://www.bione.info/,27,,,,https://twitter.com/BioneExchange,2018-05-01,active,231,2.6,€947812952,79.18%,296,3,3,
155,498,Polyx,https://polyx.net,66719,,"USD,EUR,RUB",https://polyx.net/en/blog,https://twitter.com/Polyxchange,2018-11-01,active,110,3.8,€10612616,4.88%,367,9,7,
156,500,Tokenize Xchange,https://tokenize.exchange/,60312,,,https://blog.tokenize.exchange/,https://twitter.com/TokenizeXchange,2018-02-01,active,172,3.2,€29374480,5.05%,398,42,17,
157,501,WhiteBIT,https://whitebit.com,2724950,,"USD,EUR,GBP",https://medium.com/whitebit,https://twitter.com/whitebit,2018-12-01,active,40,5.3,€806563557,65.85%,503,159,96,
158,503,Birake Network,https://birake.com/,1660,,,https://medium.com/@birakecom,https://twitter.com/birakecom,2018-12-27,active,,,,,,,,
159,504,ZG.com,https://www.zg.com/,42709,,,https://medium.com/@gaotony,https://twitter.com/ZGexchange,2018-07-01,active,285,0.1,€,100%,,46,2,
160,505,CBX,https://www.cbx.one/,608,,,,https://twitter.com/cbx_one,2018-11-11,active,208,2.8,€829642676,109.36%,296,18,13,
161,506,ChainX,https://chainx.kr/,318,,KRW,,https://twitter.com/chainxofficial,2019-03-01,active,286,0.1,€,2.47%,,7,6,
162,513,Bitget,https://www.bitget.com,365366,SG,"USD,EUR,GBP,RUB,JPY,UAH,TRY,HKD,THB,VND,IDR,MYR,SGD,PHP,INR",https://weibo.com/bitget,https://twitter.com/bitgetglobal,2018-04-05,active,78,4.4,€463114047,75.01%,551,232,167,
163,514,Finexbox,https://www.finexbox.com/,43032,,,https://medium.com/@FinexBox.com,https://twitter.com/finexbox,2018-05-19,active,163,3.3,€182775064,7.79%,376,225,195,
164,516,dYdX,https://trade.dydx.exchange/,95816,,,https://dydx.exchange/blog,https://twitter.com/dydxprotocol,2019-04-17,active,,,,,,,,
165,517,CoinW,https://www.coinw.com/,176780,,,https://medium.com/@CoinW_Exchange,https://twitter.com/Coinw_exchange,2017-07-01,active,62,4.6,€1430698437,76.79%,380,289,290,
166,518,Triv Pro,https://tpro.co.id/,4221,,,http://blog.triv.co.id/,,2019-02-15,active,287,0.1,€,100%,90,10,2,
167,520,Bitvavo,https://bitvavo.com/en,768952,,EUR,https://blog.bitvavo.com/,https://twitter.com/bitvavocom,2019-03-08,active,46,5.1,€236769295,156.73%,536,156,157,
168,521,Bybit,http://www.bybit.com/,3621099,,"USD, EUR, GBP, AUD, CAD, AED",https://blog.bybit.com/,https://twitter.com/Bybit_Official,2018-03-01,active,12,7.2,€447525923,151.36%,618,194,136,
169,522,Deribit,https://www.deribit.com/,130045,,,https://medium.com/deribitofficial,https://twitter.com/DeribitExchange,2016-06-01,active,288,0.1,€,201.48%,,5,3,
170,523,Beaxy,https://www.beaxy.com/,1929,,,https://medium.com/beaxy-exchange,https://twitter.com/BeaxyExchange,2019-06-10,active,145,3.5,€10514,23.49%,386,8,8,
171,524,FTX,https://ftx.com/,5474846,,"USD,EUR,GBP,AUD,HKD,SGD,ZAR,CAD,CHF,BRL",,https://twitter.com/FTX_Official,2019-02-25,active,3,8.5,€3274762967,150.36%,728,440,307,
172,525,XT.COM,https://www.xt.com/,627599,,"AUD,GBP,USD,EUR,CAD,HKD,RUB",https://weibo.com/u/6411407056?is_hot=1,https://twitter.com/XTexchange,2018-10-01,active,36,5.4,€689326837,97.5%,565,521,451,
173,531,BTC-exchange,https://www.btc-exchange.com/,2544,,EUR,,,2013-12-19,active,125,3.7,€613030,4998.46%,394,5,6,
174,533,BITEXBOOK,https://bitexbook.com/,12966,,"USD,RUB,UAH",,https://twitter.com/bitexbook,2018-01-01,active,255,1.9,€6426,10.88%,28,59,17,
175,535,ExMarkets,https://exmarkets.com/,189716,,EUR,https://medium.com/@exmarkets,https://twitter.com/ex_markets,2018-09-01,active,70,4.5,€305967184,86.58%,404,112,63,
176,537,Virtuse Exchange,https://www.virtuse.com/,466,,,https://medium.com/virtuseexchange,https://twitter.com/VirtuseExchange,2019-05-15,active,210,2.7,€21740086,11.32%,145,14,9,
177,538,CoinFLEX,https://coinflex.com/,23409,,,https://medium.com/coinflex-official,https://twitter.com/coinflexdotcom,2019-04-15,active,80,4.3,€5786656518,0.16%,144,33,20,
178,544,MEXC,https://www.mexc.com/,1542307,,,https://t.me/MEXCEnglish,https://twitter.com/MEXC_Global,2018-04-07,active,19,6.5,€927239445,152.29%,588,1292,1050,
179,549,CITEX,www.citex.info,1909,,,,https://twitter.com/Citexofficial,2018-10-30,active,289,0.1,€,6.32%,,132,77,
180,553,LOEx,https://www.loex.io/index,207,,,https://weibo.com/6870211274/profile?topnav=1&wvr=6&sudaref=www.loex.io&display=0&retcode=6102&is_all=1,https://twitter.com/LoexGlobal,2019-01-12,active,290,0.1,€,0.91%,,71,72,
181,554,Globitex,https://globitex.com,634,,EUR,,https://twitter.com/globitex_,2017-05-12,active,152,3.4,€504018,11.2%,334,4,3,
182,561,PayBito,https://www.paybito.com,2282,,USD,https://www.hashcashconsultants.com/media/,https://twitter.com/paybito,2018-06-12,active,248,2.1,€36569664,17%,168,13,14,
183,562,Txbit,https://txbit.io/,24565,,,https://medium.com/@txbit/,https://twitter.com/txbit_io,2019-01-31,active,195,2.8,€418076,43.89%,,28,23,
184,564,SecondBTC,https://secondbtc.com/,215,,,https://secondbtc.com/info/,https://twitter.com/secondbtcex,2018-06-15,active,165,3.3,€500893,3.99%,315,5,3,
185,568,CROSS exchange,https://www.crossexchange.io/,16179,,,https://en.coinmarket.media/,https://twitter.com/exchange_cross,2018-11-25,active,291,0.1,€,%,5,43,8,
186,574,WBF Exchange,https://wbfex.com,927,,,https://medium.com/@WBFex,https://twitter.com/wbfex,2018-11-11,active,256,1.8,€191803,6.41%,164,14,15,
187,577,Serenity,https://serenity.exchange/,317,,,https://medium.com/@Serenity_financial,https://twitter.com/serenity_io,2019-05-08,active,292,0.1,€,%,,13,7,
188,583,BaseFEX,https://www.basefex.com/,791,,,https://blog.basefex.com/?lang=en,https://twitter.com/BaseFEX,2018-12-26,active,293,0.1,€,0.01%,,2,3,
189,585,BITStorage,https://bitstorage.finance/,512,,,,https://twitter.com/BitstorageF,2018-03-05,active,262,1.5,€14709081,9.57%,52,22,16,
190,587,IndoEx,https://international.indoex.io/,140635,,,https://international.indoex.io/blog,https://twitter.com/Indoex_LTD,2019-01-16,active,89,4.2,€1966053623,15.32%,476,171,96,
191,594,Bitci,https://www.bitci.com/,122477,,TRY,https://wiki.bitci.com/,https://twitter.com/bitcicom,2018-08-18,active,111,3.8,€1077151,29.03%,421,29,27,
192,597,Bitpanda Pro,https://www.bitpanda.com/en/pro,437613,,"EUR,CHF,TRY,GBP",,https://twitter.com/BitpandaPro,2019-08-07,active,74,4.4,€12219973,184.85%,516,26,24,
193,599,BankCEX,https://bankcex.com/,10193,,,,https://twitter.com/BankCexExchange,2018-12-01,active,75,4.4,€19813577,12.81%,518,84,49,
194,601,Bithumb Singapore,https://www.bithumbsg.com/,239,,,,https://twitter.com/bithumbsg,2019-08-09,active,116,3.8,€15,83.73%,,6,6,
195,603,50x,https://trade.50x.com/,8609,,,,https://twitter.com/50x_com,2018-10-25,active,114,3.8,€359681,14.83%,231,102,24,
196,613,Bitvast,https://www.bitvast.com/,126,,,https://medium.com/@bitvast,https://twitter.com/BITVAST,2018-12-07,active,132,3.6,€62966103,85.31%,357,12,9,
197,622,NovaDAX,http://www.novadax.com.br/,156290,,"BRL,EUR",https://blog.novadax.com/,https://twitter.com/Nova_DAX,2018-10-30,active,98,4.0,€4521730,76.1%,429,155,100,
198,625,qTrade,https://qtrade.io/,18034,,,,https://twitter.com/qTradeio,2018-04-01,active,226,2.6,€11146,47.47%,176,19,20,
199,629,Ecxx,https://www.ecxx.com/,347,,,https://blog.ecxx.com/,https://twitter.com/ecxx_official,2019-03-21,active,214,2.7,€1175057710,70.58%,288,14,8,
200,630,Binance.US,https://www.binance.us/en,1112895,,USD,,https://twitter.com/binanceUS,2019-09-19,active,9,7.3,€639496564,130.65%,613,147,69,
201,633,Mandala Exchange,https://trade.mandala.exchange/,51156,,,https://medium.com/mandalaex,https://twitter.com/mandalaex,2020-11-16,active,87,4.2,€6178928968,0.01%,267,638,312,
202,636,Bitsten,https://exchange.bitsten.com,356,,,https://help.bitsten.com/en/,https://twitter.com/BitstenToken,2018-05-31,active,244,2.3,€601558,6.03%,84,16,15,
203,638,Paritex,https://www.paritex.com,972,,TRY,https://paritex.medium.com/,https://twitter.com/paritexexchange,2019-03-01,active,136,3.5,€154368009,18.79%,306,15,9,
204,641,EXIR,https://www.exir.io/,11302,,IRT,https://www.exir.io/cats/blog/,https://twitter.com/EXIR_Official,2017-02-22,active,179,3.1,€1873997,18.98%,235,15,11,
205,643,Coinzo,https://www.coinzo.com/,11669,,TRY,https://medium.com/@coinzocom,https://twitter.com/coinzocom,2018-11-06,active,137,3.5,€3680,1.08%,408,17,10,
206,644,FOBLGATE,https://www.foblgate.com/,3679,,,,https://twitter.com/fobl_official,2019-07-08,active,259,1.6,€636087,25.95%,112,18,19,
207,645,BitUBU,https://bitubu.com/,620,,,https://medium.com/@BitubuExchange,https://twitter.com/BitubuExchange,2019-07-17,active,247,2.1,€8995454,29.71%,200,54,28,
208,647,Artis Turba,https://artisturba.com/,377,,ZAR,https://medium.com/artisturba,https://twitter.com/artisturba,2018-09-17,active,181,3.1,€35452,10.88%,283,21,10,
209,653,BITEXLIVE,https://bitexlive.com/,1450,,,,https://twitter.com/bitexlive,2017-06-30,active,180,3.1,€8600330,17.73%,227,40,26,
210,655,TimeX,https://timex.io/,7125,AU,"USD,AUD",https://timex.io/blog,https://twitter.com/ExchangeTimex,2019-07-07,active,157,3.4,€40803372,19.06%,248,30,19,
211,656,Omgfin,https://omgfin.com/,5591,,,https://medium.com/@omgfin,https://twitter.com/omgfin,2018-10-10,active,224,2.6,€48731186,9.49%,274,140,49,
212,657,CoinJar,https://www.coinjar.com/,31765,,"AUD,GBP",https://blog.coinjar.com/,https://twitter.com/getcoinjar,2013-05-22,active,102,3.9,€24383734,524.03%,368,68,31,
213,658,BTSE,https://www.btse.com/en/home,10014,,"USD,EUR,GBP,HKD,SGD,JPY,AUD,AED,CAD",,https://twitter.com/btsecom,2018-09-20,active,141,3.5,€115114130,5.17%,470,27,18,
214,665,BitClude,https://bitclude.com/,11140,,"PLN,GBP",,https://twitter.com/BitClude,2019-02-11,active,175,3.2,€51563,170.96%,298,2,3,
215,674,BQT,http://bqtx.com/,256,,,https://medium.com/@BQT,https://twitter.com/bqt_ico,2019-05-01,active,198,2.8,€954207,12.92%,,16,12,
216,687,TronTrade,https://trontrade.io/,6366,,,,https://twitter.com/trontrade,,active,,,,,,,,
217,699,Currency.com,https://currency.com/,548192,,"USD,EUR,RUB,BYN",,https://twitter.com/CurrencyCom,2019-01-15,active,30,5.7,€736555253,180%,639,46,30,
218,702,Newdex,https://newdex.io/,11820,,,,https://twitter.com/NewdexOfficial,2018-08-08,active,,,,,,,,
219,705,Delta Exchange,https://www.delta.exchange/,99080,,,,https://twitter.com/Delta_Exchange,2018-08-01,active,294,0.1,€,86.72%,,100,87,
220,710,Tokocrypto,https://www.tokocrypto.com/,355011,ID,IDR,,https://twitter.com/tokocrypto,2018-06-01,active,52,4.9,€46637266,75.75%,384,472,242,
221,717,BitoPro,https://www.bitopro.com/,79038,,TWD,,https://twitter.com/BitoEX_Official,2018-03-07,active,159,3.3,€15736773,128.76%,,35,20,
222,723,Rekeningku.com,https://www.rekeningku.com,84736,,IDR,,https://twitter.com/Rekeningkucom,2018-01-18,active,84,4.2,€27641668,56.87%,432,36,37,
223,731,Emirex,http://emirex.com/,6453,,"AED,USD,EUR",https://medium.com/@EMIREX_OFFICIAL,https://twitter.com/EMIREX_OFFICIAL,2019-09-10,active,167,3.3,€44568549,92.25%,,30,15,
224,733,VCC Exchange,https://vcc.exchange/,1775,,,https://medium.com/@vccexchange,https://twitter.com/VCCExchange,2019-05-19,active,254,1.9,€56590129,37.18%,,182,121,
225,738,Dove Wallet,https://dovewallet.com/,48217,,KRW,https://medium.com/dovewallet-en,https://twitter.com/dovewallet_en,2019-02-25,active,219,2.7,€37258,66.88%,189,207,65,
226,741,ACE,https://www.ace.io/home,13618,TW,,https://medium.com/ace-exchange,https://twitter.com/ACE_exchange,2018-11-10,active,143,3.5,€13553275,129.62%,293,23,20,
227,756,ViteX,https://vitex.net/,4129,,,https://medium.com/vitelabs,https://twitter.com/ViteXExchange,2019-07-30,active,,,,,,,,
228,766,ATAIX,https://ataix.com/,18120,,,https://ataix.com/news-blog,https://twitter.com/ataixcom,2018-03-22,active,253,1.9,€87035228,13.57%,90,23,12,
229,790,Pionex,https://www.pionex.com/,550220,,,https://medium.com/pionex,https://twitter.com/pionex_com,2019-06-24,active,85,4.2,€1362080663,9.05%,443,484,353,
230,792,Bitbuy,https://bitbuy.ca/,68735,,CAD,https://bitbuy.ca/en/resources,https://twitter.com/bitbuy,2019-04-01,active,117,3.8,€4774384,56.3%,377,20,16,
231,802,digitalexchange.id,https://digitalexchange.id/market,5357,,IDR,https://medium.com/@digitalexchangeid,https://twitter.com/digiexchangeid,2019-06-28,active,173,3.2,€188622,27.4%,298,31,31,
232,806,Xcalibra,https://xcalibra.com/,384,,,https://xcalibra.com/blog,https://twitter.com/tradexcalibra,2019-08-26,active,228,2.6,€1673,69.82%,,4,4,
233,818,Decoin,https://www.decoin.io/,26990,,,https://medium.com/@DECOIN,https://twitter.com/decoin_io,2019-04-29,active,154,3.4,€102590419,41.93%,417,222,197,
234,834,Nominex,https://nominex.io/,94686,,,https://nominex.io/blog/,https://twitter.com/NominexExchange,2019-08-28,active,156,3.4,€28882766,159.95%,429,172,123,
235,835,Prizmbit,https://prizmbit.com/,4389,,"USD,RUB",https://t.me/prizmbitnews,https://twitter.com/prizmbit,2018-12-31,active,295,0.1,€,0.36%,,11,7,
236,844,NiceHash,https://www.nicehash.com,7424163,,,https://blog.nicehash.com/,https://twitter.com/NiceHashMining,2019-08-04,active,120,3.7,€1737646,50.3%,395,62,48,
237,853,AAX,https://www.aax.com/en-US/,498678,,"USD,HKD,CNH,EUR,GBP,SGD,AUD,CAD,NZD,JPY,CHF",https://blog.aax.com/en/,https://twitter.com/AAXExchange,2019-09-16,active,47,5.1,€746207754,85.46%,483,146,126,
238,856,Tokenlon,https://tokenlon.im/instant,2708,,,,https://twitter.com/tokenlon,2019-07-29,active,,,,,,,,
239,857,FMFW.io,https://fmfw.io/,29775,,,,https://twitter.com/fmfw_io,2008-01-01,active,43,5.2,€4038794725,60.63%,361,270,124,
240,863,StakeCube,https://stakecube.net/app/exchange/,304400,,,,https://twitter.com/stakecube,2019-05-13,active,230,2.6,€59615,21.44%,159,69,40,
241,865,TOKENCAN,https://www.tokencan.com,677,,,,https://twitter.com/Tokencan,2017-12-11,active,138,3.5,€3885685554,91.23%,,39,39,
242,868,MAX Exchange,https://max.maicoin.com,183930,,TWD,,https://twitter.com/MAX_exch,2018-02-25,active,66,4.6,€25189965,158.11%,525,37,20,
243,889,Crypterum,https://app.crypterum.com/?lang=en,236,,"RUB,USD,EUR",https://vk.com/crypterumcom,https://twitter.com/crypterumcom,2018-04-27,active,296,0.1,€,3.21%,,19,2,
244,890,Bitay,https://www.bitay.com/en,44254,,"TRY,USD,EUR,INR",,https://twitter.com/BitayGlobal,2018-12-28,active,162,3.3,€251431769,34.44%,369,105,59,
245,904,eToroX,https://www.etoro.com/crypto/exchange/,16331820,,USD,https://medium.com/@etorox,https://twitter.com/etorox,2019-04-15,active,34,5.4,€50041355,326.25%,502,25,26,
246,908,VALR,https://www.valr.com,31590,,ZAR,,https://twitter.com/valrdotcom,2019-03-01,active,160,3.3,€15666009,23.31%,,69,44,
247,922,StormGain,https://stormgain.com,317947,,,https://stormgain.com/news,https://twitter.com/StormGain_com,2019-07-01,active,135,3.6,€41016296,56.94%,,38,31,
248,925,Namebase,https://namebase.io,60697,,,https://namebase.io/blog,https://twitter.com/NamebaseHQ,2020-02-03,active,168,3.3,€28213,71.59%,332,1,2,
249,937,Biconomy Exchange,https://www.biconomy.com/,18503,,,https://biconomyexchange.medium.com/,https://twitter.com/Biconomy_Global,2019-10-01,active,133,3.6,€757340690,115.18%,228,54,39,
250,943,Hotcoin Global,https://www.hotcoin.com/,247,,,,https://twitter.com/HotcoinGlobal,2017-11-17,active,199,2.8,€786750894,20.68%,132,282,260,
251,949,CoinDCX,https://coindcx.com,695589,,INR,https://blog.coindcx.com/,https://twitter.com/coindcx,2018-04-07,active,77,4.4,€48525635,111.42%,451,509,274,
252,955,Phemex,https://phemex.com/,411004,,,https://phemex.com/blogs,https://twitter.com/Phemex_official,2019-11-25,active,32,5.6,€538264715,148.03%,,88,56,
253,958,FarhadMarket,https://app.farhadmarket.com/,1417,,IRR,https://farhadmarket.com/blog/,https://twitter.com/farhadmarket,2019-06-06,active,240,2.3,€2337159,4.54%,71,22,15,
254,966,Resfinex,https://resfinex.com/,270,,,https://medium.com/@resfinex,https://twitter.com/resfinex,,active,127,3.6,€87112761,101.66%,354,13,9,
255,983,Loopring Exchange,http://loopring.io/,84056,,,https://medium.com/loopring-protocol,https://twitter.com/loopringorg,2020-02-27,active,,,,,,,,
256,987,Bitribe,https://www.bitribe.com,631,,,,https://twitter.com/Bitribeofficial,2019-10-01,active,297,0.1,€,0.02%,,49,35,
257,988,Huobi Japan,https://www.huobi.co.jp/,32460,JP,,https://blog.huobi.jp/,https://twitter.com/huobijapan,,active,171,3.3,€2473051,245.79%,473,19,10,
258,997,Chiliz,https://www.chiliz.net/,93440,,,https://www.medium.com/chiliz/,https://twitter.com/chiliz,2020-04-15,active,251,2.0,€2765048,72.79%,161,49,50,
259,1009,Giottus,https://www.giottus.com/tradeview,136463,,INR,https://medium.com/@Giottus,https://twitter.com/giottus,2018-04-14,active,106,3.9,€252694324,180.49%,270,87,70,
260,1011,Coinlist Pro,https://pro.coinlist.co,134097,,USD,https://blog.coinlist.co/,https://twitter.com/coinlist,2020-07-28,active,22,6.2,€13780636,101.24%,528,81,47,
261,1012,Felixo,https://www.felixo.com/,7370,,,https://blog.felixo.com/,https://twitter.com/felixoexchange,2018-10-30,active,150,3.4,€4871706,66.1%,291,27,19,
262,1019,BitTurk,https://bitturk.com,4052,,,https://blog.bitturk.com,https://twitter.com/bitturkcom,2017-09-24,active,207,2.8,€733298,5.25%,173,23,24,
263,1029,CoinZoom,https://www.coinzoom.com,9685,,,https://medium.com/getcoinzoom/coinzoom-the-essentials-d1e610377081,https://twitter.com/GetCoinZoom,2020-03-01,active,109,3.8,€7748767,191.11%,386,71,28,
264,1037,Flybit,https://flybit.com/,7267,KR,,,,,active,237,2.5,€133683,38.5%,138,16,17,
265,1044,Compound,https://compound.finance/markets,80866,,,,https://twitter.com/compoundfinance,2019-05-23,active,51,4.9,€98200574,2.37%,,9,18,
266,1049,GokuMarket,https://gokumarket.com/,148878,,"EUR,USD,GBP",https://medium.com/gokumarket,https://twitter.com/GokuMarket,2020-02-15,active,53,4.9,€521418075,57.17%,503,78,39,
267,1052,1inch Exchange,https://1inch.io/,90447,,,https://blog.1inch.io/,https://twitter.com/1inch,2019-03-22,active,,,,,,,,
268,1057,DeversiFi,https://app.deversifi.com/,24536,,,https://blog.deversifi.com/,https://twitter.com/deversifi,2020-06-03,active,,,,,,,,
269,1062,Balancer,https://balancer.finance/,6304,,,https://balancer.finance/blog-feed/,https://twitter.com/BalancerLabs,,active,,,,,,,,
270,1063,Curve Finance,https://www.curve.fi/,175045,,,,https://twitter.com/CurveFinance,2020-01-01,active,,,,,,,,
271,1064,BingX,https://www.bingx.com/en-us/,166464,,,https://medium.com/@BingXOfficial,https://twitter.com/BingXOfficial,2018-05-01,active,298,0.1,€,194.73%,,47,47,
272,1066,CoinCasso,https://coincasso.com,8102,,"EUR,PLN",https://coincasso.com/news/,https://twitter.com/CoinCasso,2019-09-12,active,196,2.8,€413616,23.94%,,15,13,
273,1069,Uniswap (V2),https://uniswap.org/,944818,,,https://uniswap.org/blog/,https://twitter.com/UniswapProtocol,2018-11-01,active,,,,,,,,
274,1070,Nash,https://app.nash.io/trade/markets/asset-pairs,2166,,,https://blog.nash.io/,https://twitter.com/nashsocial,2019-09-09,active,,,,,,,,
275,1071,APROBIT,https://www.aprobit.com/,1289,,,,https://twitter.com/AprobitOfficial,2020-06-01,active,166,3.3,€298597,123.65%,313,9,8,
276,1075,CrossTower,https://crosstower.com/,8832,,,https://medium.com/@crosstower,https://twitter.com/crosstower_ex,,active,63,4.6,€6688373,6.02%,582,11,8,
277,1084,Kwenta,https://kwenta.io/,13256,,,https://blog.kwenta.io/,https://twitter.com/@kwenta_io,2018-12-01,active,,,,,,,,
278,1085,Zipmex,https://zipmex.com/,219187,,"THB,SGD,AUD,USD,IDR",https://zipmex.com,https://twitter.com/zipmex,2019-09-18,active,118,3.8,€33084955,39.46%,311,244,102,
279,1091,Narkasa,https://narkasa.com/,527,,TRY,https://medium.com/@narkasacom,https://twitter.com/narkasacom,2020-07-01,active,174,3.2,€1996013,32.6%,278,19,11,
280,1100,Ripio,https://exchange.ripio.com/app/trade/,19285,,,,https://twitter.com/ripioapp,2019-04-09,active,218,2.7,€50567,3.78%,,9,7,
281,1101,Polkaswap,https://polkaswap.io/,19997,,,https://medium.com/@polkaswap,https://twitter.com/polkaswap,,active,,,,,,,,
282,1102,Mooniswap,https://mooniswap.exchange/#/swap,4700,,,,https://twitter.com/mooniswap,2020-08-10,active,,,,,,,,
283,1103,Nexus Mutual,https://nexusmutual.io/,21520,,,https://medium.com/nexus-mutual,https://twitter.com/NexusMutual,,active,,,,,,,,
284,1106,Aave,https://aave.com/,267173,,,,https://twitter.com/aaveaave,,active,108,3.8,€109044860,12.69%,,10,18,
285,1112,KickEX,https://kickex.com,18826,,"EUR,USD,RUB,GBP,UAH,TRY",https://medium.com/@kickecosystem,https://twitter.com/kickexcom,2020-05-25,active,146,3.5,€49723972,9.61%,255,53,49,
286,1113,Cybex DEX,https://dex.cybex.io/,201,,,,https://twitter.com/cybexexchange,,active,,,,,,,,
287,1115,TokenSets,https://www.tokensets.com/,66150,,,https://medium.com/set-protocol,https://twitter.com/SetProtocol,,active,,,,,,,,
288,1116,SunSwap,https://sunswap.com/,114668,,,,https://twitter.com/defi_sunio,2020-08-18,active,,,,,,,,
289,1117,Azbit,https://azbit.com/exchange,178252,,,https://medium.com/azbit-news,https://twitter.com/azbit_news,2019-12-28,active,60,4.6,€47071021,7.98%,519,79,44,
290,1124,Bitazza,https://www.bitazza.com/,83686,TH,THB,,https://twitter.com/bitazzaofficial,,active,170,3.3,€10760635,67.82%,,107,58,
291,1128,Changelly PRO,https://pro.changelly.com/market-overview/overview,7710,,,https://changelly.com/blog/,https://twitter.com/changelly_team,2020-07-06,active,155,3.4,€2951294989,48.51%,364,106,45,
292,1129,EQONEX,https://eqonex.com,32547,,,,https://twitter.com/eqonex,2020-05-26,active,49,5.0,€35242434,151.75%,645,10,10,
293,1131,Bitcoiva,https://www.bitcoiva.com/markets,40772,,,,,2020-06-10,active,299,0.1,€,0.43%,,44,22,
294,1132,Valuex,https://valuex.cc/en-us,378,,,,https://twitter.com/valuexcc,2020-07-06,active,300,0.1,€,2378.41%,,72,8,
295,1133,Mexo Exchange,https://www.mexo.io,7704,,,https://medium.com/@Mexoio,https://twitter.com/mexo_io,2020-07-01,active,239,2.4,€100946708,4.26%,198,59,46,
296,1138,Bitexen,https://www.bitexen.com/,103905,TR,TRY,,https://twitter.com/Bitexencom,2018-05-04,active,81,4.3,€76876532,4.45%,420,47,39,
297,1140,Serum DEX,https://docs.projectserum.com/,8638,,,,https://twitter.com/ProjectSerum,2020-08-30,active,,,,,,,,
298,1141,SushiSwap,https://app.sushi.com/swap,622088,,,,https://twitter.com/sushiswap,2020-09-12,active,,,,,,,,
299,1145,Koinbazar,http://koinbazar.com/,176706,IN,INR,,https://twitter.com/koinbazar,2020-09-16,active,144,3.5,€32215137,10.08%,,39,27,
300,1149,Crypto.com Exchange,https://crypto.com/exchange,3470032,,,https://blog.crypto.com/,https://twitter.com/cryptocom,2019-11-19,active,11,7.3,€3836536070,50.52%,655,324,165,
301,1152,SINEGY Marketplace,https://marketplace.sinegy.com/exchange/,2282,,MYR,https://blog.sinegy.com/home,https://twitter.com/SinegyCo,2020-04-08,active,190,2.9,€93808,43.1%,238,2,3,
302,1154,Dsdaq,https://www.dsdaq.com,391,,,https://medium.com/@dsdaq,https://twitter.com/DsdaqCom,2019-12-24,active,301,0.1,€,%,,59,13,
303,1159,Paraswap,https://paraswap.io/#/,296627,,,,https://twitter.com/paraswap,,active,205,2.8,€197844,23.19%,,36,10,
304,1161,Bit.com,https://www.bit.com,9481,,,https://medium.com/@bitcom_exchange,https://twitter.com/bitcom_exchange,2020-08-03,active,92,4.1,€14113547,419.6%,452,11,8,
305,1162,BitClover (Hotbit Korea),https://www.bitclover.io/,6219,KR,,https://medium.com/bitclover,https://twitter.com/Bit_Clover,2020-06-10,active,183,3.1,€54659466,3.32%,377,175,99,
306,1165,PancakeSwap,https://pancakeswap.finance/,6844416,,,,https://twitter.com/pancakeswap,2020-09-27,active,,,,,,,,
307,1175,SashimiSwap,https://info.sashimi.cool/pairs,155,,,https://medium.com/sashimisashimi,https://twitter.com/SASHIMISASHIMI5,2020-09-11,active,,,,,,,,
308,1177,FTX US,https://ftx.us/,1262077,,USD,,https://twitter.com/ftx_us,2020-03-31,active,14,7.0,€408514441,192.72%,748,49,25,
309,1179,ACDX,https://trade.acdx.io/,1679,,,https://medium.com/acdx,https://twitter.com/acdx_io,2020-09-29,active,233,2.5,€60,%,,4,2,
310,1180,Aryana,https://www.aryana.io/,395,,,https://medium.com/@Aryacoin,https://twitter.com/AryacoinAYA,2020-07-28,active,200,2.8,€23150387,8.35%,168,20,15,
311,1182,Deepcoin,https://www.deepcoin.com/cmc,235901,,,https://note.com/deepcoinjp,https://twitter.com/Deepcoin_global,2018-11-11,active,38,5.4,€164582185,4.92%,644,59,54,
312,1184,MOV,https://supertx.bymov.io/swap,297,,,https://medium.com/bytomofficial,https://twitter.com/MOV_Network,2020-03-30,active,,,,,,,,
313,1186,BitWell,https://www.bitwellex.com/,145072,,,https://www.bitwellex.com/article/en/,https://twitter.com/BitwellGlobal,2020-04-06,active,58,4.8,€310602357,9.18%,493,59,45,
314,1187,DODO (Ethereum),https://dodoex.io/,51205,,,https://medium.com/@dodo.in.the.zoo,https://twitter.com/BreederDodo,2020-09-29,active,,,,,,,,
315,1190,Honeyswap,https://app.honeyswap.org/#/swap,19083,,,,https://twitter.com/Honeyswap,2020-07-02,active,,,,,,,,
316,1196,JulSwap,https://julswap.com,10860,,,,https://twitter.com/JulSwap,2020-09-27,active,,,,,,,,
317,1206,LuaSwap,https://app.luaswap.org,15720,,,https://medium.com/luaswap,https://twitter.com/LuaSwap,2020-10-28,active,,,,,,,,
318,1208,Bvnex,https://www.bvnex.com/,670,Vietnam,,https://blog.bvnex.com/blog/,https://twitter.com/Bvnexcom,2019-08-09,active,192,2.9,€2327227,93.61%,,39,40,
319,1212,BEPSwap,https://chaosnet.bepswap.com,415,,,,https://twitter.com/thorchain_org,2020-08-31,active,,,,,,,,
320,1213,Mento,https://mento.finance/,4431,,,,https://twitter.com/celoorg,2020-06-22,active,,,,,,,,
321,1226,bit4you,https://www.bit4you.io/our-markets,13189,,,https://medium.com/@bit4you,https://twitter.com/bit4you1,2018-03-05,active,121,3.7,€837275,346.13%,404,70,41,
322,1234,Venus,https://app.venus.io,87349,,,https://medium.com/VenusProtocol,https://twitter.com/VenusProtocol,2020-11-16,active,197,2.8,€398030,%,,19,37,
323,1235,DeFiChain DEX,https://dex.defichain.com/mainnet/pool,4435,,,https://defichain.ghost.io/,https://twitter.com/defichain,2020-11-29,active,,,,,,,,
324,1236,KULAP,https://swap.kulap.io,880,,,https://medium.com/kulapofficial,https://twitter.com/kulapofficial,2021-01-10,active,302,0.1,€,%,,72,13,
325,1240,Demex,https://app.dem.exchange,7615,,,https://blog.switcheo.network,https://twitter.com/demexchange,2020-12-15,active,,,,,,,,
326,1243,LINKSWAP,https://linkswap.app/#/swap,623,,,http://www.blog.yflink.io,https://twitter.com/yflinkio,2020-12-05,active,,,,,,,,
327,1254,Blockchain.com,https://blockchain.com/,1242086,,"USD,EUR,GBP,TRY",https://blockchain.medium.com/,https://twitter.com/blockchain,2019-08-01,active,24,6.0,€86642132,296.31%,614,48,26,
328,1255,Block DX,https://blockdx.net/,1245,,,,https://twitter.com/BlockDXExchange,2018-12-31,active,,,,,,,,
329,1259,Terraswap,https://terraswap.io/,54757,,,https://mirror-protocol.medium.com,https://twitter.com/terraswap_io,2020-11-12,active,,,,,,,,
330,1261,OpenOcean,https://openocean.finance/,39395,,,https://medium.com/openoceanfinance,https://twitter.com/OpenOceanGlobal,2020-12-06,active,,,,,,,,
331,1262,1inch Liquidity Protocol,https://1inch.exchange,13602,,,,https://twitter.com/1inch,,active,,,,,,,,
332,1267,Wanswap,https://wanswap.finance,9909,,,https://medium.com/wanswap,https://twitter.com/wanswap,2020-12-02,active,,,,,,,,
333,1275,IDEX BSC,https://exchange.idex.io,49831,,,,,2021-01-31,active,,,,,,,,
334,1279,MDEX,https://mdex.co,30220,,,https://medium.com/@mdex,https://twitter.com/Mdexswap,2021-01-05,active,,,,,,,,
335,1281,ApeSwap (BSC),https://dex.apeswap.finance/#/swap,5764,,,https://ape-swap.medium.com/,https://twitter.com/ape_swap,2021-02-12,active,,,,,,,,
336,1287,Sifchain,https://dex.sifchain.finance/#/stats,34386,,,,https://twitter.com/sifchain,2021-02-17,active,,,,,,,,
337,1289,WOO Network,https://x.woo.org/,118140,,,https://medium.com/woonetwork,https://twitter.com/WOOnetwork,2019-11-16,active,44,5.1,€850870857,138.22%,554,87,85,
338,1293,QuickSwap,https://quickswap.exchange/,439799,,,,https://twitter.com/QuickswapDEX,2020-10-07,active,,,,,,,,
339,1295,LCX Exchange,http://exchange.lcx.com/,15973,,,https://www.lcx.com/insights,https://twitter.com/lcx,2018-03-31,active,161,3.3,€135314,61.65%,329,59,30,
340,1301,Perpetual Protocol,https://perp.exchange,10938,,,,https://twitter.com/perpprotocol,2020-12-13,active,,,,,,,,
341,1302,BakerySwap,https://www.bakeryswap.org/#/home,68275,,,,https://twitter.com/bakery_swap,,active,,,,,,,,
342,1304,Dfyn Network,https://exchange.dfyn.network/,55020,,,https://dfyn-network.medium.com/,https://twitter.com/_dfyn?lang=en,2020-10-05,active,,,,,,,,
343,1310,Capital DEX,https://capitaldex.exchange,179,,,https://medium.com/@InvestCurio,https://twitter.com/curio_invest,2020-12-24,active,227,2.6,€1807,20.3%,,11,11,
344,1313,BloctoSwap,https://swap.blocto.app,2022,,,https://medium.com/portto,https://twitter.com/BloctoApp,2021-01-22,active,,,,,,,,
345,1314,Kwikswap,https://app.kwikswap.org/,3131,,,https://medium.com/@kwikswap,https://twitter.com/kwikswapdex,2021-02-27,active,225,2.6,€5212,148.78%,,7,8,
346,1315,Put on your metamask!!!,,,,,,,,active,267,1.3,€67980,10.57%,,2,3,
347,1319,DODO (BSC),https://dodoex.io/,,,,https://medium.com/@dodo.in.the.zoo,https://twitter.com/BreederDodo,,active,,,,,,,,
348,1320,SwipeSwap,https://swap.swipe.org,588,,,https://medium.com/Swipe,https://twitter.com/Swipe,2021-03-16,active,,,,,,,,
349,1325,PlasmaSwap (ETH),https://apy.plasma.finance/#/liquidity-pools,6089,,,https://medium.com/plasmapay,https://twitter.com/0xplasma,2021-02-02,active,,,,,,,,
350,1327,THORChain (ERC20),https://thorchain.org/,29900,,,,https://twitter.com/THORChain,2021-04-12,active,,,,,,,,
351,1329,MDEX(BSC),https://mdex.co,,,,https://medium.com/@mdex,https://twitter.com/Mdexswap,2021-04-15,active,,,,,,,,
352,1333,KyberSwap,https://dmm.exchange,39677,,,https://blog.kyber.network/,https://twitter.com/KyberNetwork,2021-04-04,active,,,,,,,,
353,1334,Unicly,https://app.unic.ly,5899,,,https://medium.com/unicly,https://twitter.com/uniclyNFT,2021-04-06,active,,,,,,,,
354,1339,Ubeswap,https://ubeswap.org/,19770,,,,https://twitter.com/ubeswap,2021-02-20,active,182,3.1,€3359568,61.96%,,30,21,
355,1340,Pangolin,https://app.pangolin.exchange/#/swap,183334,,,https://pangolindex.medium.com/,https://twitter.com/pangolindex,,active,,,,,,,,
356,1342,Raydium,https://raydium.io/,1050223,,,https://raydium.medium.com/,https://twitter.com/RaydiumProtocol,2021-02-20,active,,,,,,,,
357,1344,PancakeSwap (V2),https://pancakeswap.finance/,,,,,https://twitter.com/pancakeswap,,active,,,,,,,,
358,1346,PolyZap,https://swap.polyzap.finance/#/swap,83,,,https://t.me/polyzap_finance_news,https://twitter.com/PolyZapFinance,2021-04-27,active,,,,,,,,
359,1347,ComethSwap,,,,,,,,active,,,,,,,,
360,1348,Uniswap (V3),https://app.uniswap.org/#/swap,1835931,,,https://uniswap.org/blog/launch-uniswap-v3/,https://twitter.com/Uniswap,2021-05-05,active,,,,,,,,
361,1356,ViperSwap,https://viper.exchange,80913,,,https://venomdao.medium.com/,https://twitter.com/venomdao,2021-03-07,active,,,,,,,,
362,1359,SpiritSwap,https://app.spiritswap.finance/,64040,,,https://spiritswap.medium.com/,https://twitter.com/Spirit_Swap,2021-04-23,active,,,,,,,,
363,1371,Globe Derivative Exchange,https://globedx.com/en/,5119,,,,,2021-05-20,active,303,0.1,€,55.23%,,4,5,
364,1374,WaultSwap (BSC),https://swap.wault.finance/#/swap,14964,,,https://waultfinance.medium.com/,https://twitter.com/Wault_Finance,2021-04-26,active,,,,,,,,
365,1375,Binance TR,https://www.trbinance.com/,971474,TR,TRY,,https://twitter.com/BinanceTR,2020-09-08,active,28,5.8,€193384991,74.35%,527,78,65,
366,1378,Bunicorn,https://bunicorn.exchange,15605,,,https://blog.buni.finance,https://twitter.com/bunicornswap,2021-06-20,active,,,,,,,,
367,1386,Lydia Finance,https://exchange.lydia.finance/#/swap,8737,,,https://ecency.com/@lydiafinance,https://twitter.com/LydiaFinance,2021-04-19,active,,,,,,,,
368,1390,Convergence,https://convx.conv.finance/,2254,,,https://medium.com/convergencefinance,https://twitter.com/ConvergenceFin,2021-03-24,active,,,,,,,,
369,1395,BabySwap,https://babyswap.finance,6513,,,https://medium.com/@babyswap,https://twitter.com/babyswap_bsc,2021-05-31,active,,,,,,,,
370,1398,CoinSwap Space,https://app.coinswap.space/#/dashboard/pairs,5695,,,https://coinswap.medium.com/,https://twitter.com/CoinSwap_Space,2021-04-29,active,,,,,,,,
371,1400,THORChain (BEP20),https://thorchain.org/,,,,,https://twitter.com/THORChain,,active,,,,,,,,
372,1401,THORChain (BTC),https://thorchain.org/,,,,,,,active,,,,,,,,
373,1404,Balancer (V2),https://app.balancer.fi/#/trade,62147,,,https://medium.com/balancer-protocol/,https://twitter.com/BalancerLabs,,active,140,3.5,€36556366,147.15%,,48,44,
374,1405,ProBit,https://www.probit.kr/ko-kr/,236979,KR,,https://blog.naver.com/probit1,,2018-12-31,active,95,4.1,€634740,5.18%,291,71,70,
375,1407,Sovryn,https://live.sovryn.app/,47935,,,https://www.sovryn.app/blog/,https://twitter.com/sovrynbtc,2021-03-31,active,,,,,,,,
376,1408,ShibaSwap,https://www.shibaswap.com,536193,,,,https://twitter.com/shibtoken,2021-07-05,active,,,,,,,,
377,1410,Nowswap,https://nowswap.org/,92,,,,https://twitter.com/nowswap_org,2021-04-10,active,,,,,,,,
378,1412,Unifi Protocol DAO,https://unifiprotocol.com/,5989,SG,,https://medium.com/unifiprotocol,https://twitter.com/unifiprotocol,2020-11-11,active,,,,,,,,
379,1413,SushiSwap( BSC),https://app.sushi.com/swap,335642,,,,,,active,,,,,,,,
380,1414,Kine Protocol,https://kine.io/,2161,,,https://medium.com/@KineProtocol,https://twitter.com/KineProtocol,2021-03-20,active,,,,,,,,
381,1415,Mars Ecosystem,https://marsecosystem.com,56600,,,,https://twitter.com/MarsEcosystem,2021-06-20,active,,,,,,,,
382,1416,SushiSwap (Fantom),https://app.sushi.com/swap,,,,,,,active,,,,,,,,
383,1417,SushiSwap (Polygon),https://app.sushi.com/swap,,,,,,,active,,,,,,,,
384,1418,SushiSwap(xDAI),https://app.sushi.com/swap,,,,,,,active,,,,,,,,
385,1420,KuSwap,https://kuswap.finance/#/swap,11619,,,,https://twitter.com/kuswapfinance,2021-06-24,active,204,2.8,€248388,61.49%,,6,4,
386,1426,Orca,https://www.orca.so/pools,205825,,,http://orca-so.medium.com,https://twitter.com/orca_so,2021-02-23,active,,,,,,,,
387,1428,Balanced,https://stats.balanced.network/,3716,,,https://gov.balanced.network/,https://twitter.com/BalancedDAO,2021-04-25,active,,,,,,,,
388,1431,KSwap Finance,https://kswap.finance/,844,,,,https://twitter.com/kswap_finance,2021-07-28,active,,,,,,,,
389,1432,PandaSwap,https://app.pandaex.org/,3155,,,https://docscn.pandaex.org/,,,active,,,,,,,,
390,1433,CherrySwap,https://www.cherryswap.net/#/swap,43094,,,https://cherryswapnet.medium.com/,https://twitter.com/CherryswapNet,,active,,,,,,,,
391,1440,WaultSwap (Polygon),https://polyinfo.wault.finance/home,182,,,,https://twitter.com/Wault_Finance,2021-06-13,active,,,,,,,,
392,1443,Kalata Protocol,https://www.kalata.io/,8413,,,,,,active,,,,,,,,
393,1444,PolyDEX,https://app.polydex.org/,5402,IN,,https://blog.cryption.network/,https://twitter.com/Polydex_,2021-07-27,active,,,,,,,,
394,1445,Biswap,https://exchange.biswap.org/#/swap,409048,,,https://biswap-dex.medium.com/,https://twitter.com/Biswap_DEX,2021-05-23,active,,,,,,,,
395,1447,Osmosis,https://app.osmosis.zone/pools,249824,,,,https://twitter.com/osmosiszone,2021-06-18,active,,,,,,,,
396,1452,ApolloX,https://www.apollox.com/en,84912,,,,https://twitter.com/ApolloX_com,2021-08-31,active,304,0.1,€,31.39%,,16,17,
397,1453,YetiSwap,https://exchange.yetiswap.app,9823,,,,https://twitter.com/YetiSwap?s=09,2021-02-20,active,,,,,,,,
398,1454,Kava Swap,https://app.kava.io/swap/,26309,,,https://medium.com/kava-labs,https://twitter.com/Kava_Swap,2021-08-29,active,,,,,,,,
399,1455,SpookySwap,https://spookyswap.finance,417985,,,,https://twitter.com/SpookySwap,2021-04-16,active,,,,,,,,
400,1456,TraderJoe,https://www.traderjoexyz.com,1268090,,,,https://twitter.com/traderjoe_xyz,2021-07-02,active,,,,,,,,
401,1457,Jetswap (BSC),https://info.jetswap.finance/home,694,,,https://jetfuelfinance.medium.com/,https://twitter.com/Jetfuelfinance,2021-05-19,active,,,,,,,,
402,1462,Clipper,https://clipper.exchange/,9120,,,https://medium.com/@clipper_dex,https://twitter.com/Clipper_DEX,2021-07-25,active,,,,,,,,
403,1463,Jetswap (Polygon),https://info.jetswap.finance/home,4619,,,https://jetfuelfinance.medium.com/,https://twitter.com/Jetfuelfinance,2021-05-18,active,,,,,,,,
404,1464,SushiSwap (Arbitrum),https://app.sushi.com/swap,,,,,,,active,,,,,,,,
405,1465,FreeRiver,https://freeriver.exchange/#/swap,4090,,,,https://twitter.com/FreeRiverX,2021-08-27,active,,,,,,,,
406,1466,ApeSwap.Finance (Polygon),https://apeswap.finance/,173642,,,https://ape-swap.medium.com/,https://twitter.com/ape_swap,2021-06-20,active,,,,,,,,
407,1467,MoonSwap(Moonriver),https://info.moonswap.in/home,1146,,,,https://twitter.com/MoonSwapDEX,2021-08-28,active,305,0.1,€,0.74%,,5,5,
408,1469,DODO (Polygon),https://app.dodoex.io,123327,,,https://dodo-in-the-zoo.medium.com/,https://twitter.com/BreederDodo,2020-09-14,active,,,,,,,,
409,1475,PartySwap,https://app.partyswap.io/,2845,,,,https://twitter.com/partyswapdex,2021-09-13,active,,,,,,,,
410,1476,Jswap,https://app.jswap.finance/#/swap,18924,,,,,,active,306,0.1,€,28.79%,,32,18,
411,1477,SushiSwap (Harmony),https://app.sushi.com/swap,,,,,,,active,307,0.1,€,1.54%,,35,25,
412,1478,Uniswap (V3) (Arbitrum),https://app.uniswap.org/#/swap,,,,https://uniswap.org/blog/launch-uniswap-v3/,https://twitter.com/Uniswap,,active,93,4.1,€54317456,49.61%,,17,12,
413,1479,KyberSwap (Polygon),https://dmm.exchange,,,,https://blog.kyber.network/,https://twitter.com/KyberNetwork,,active,215,2.7,€6016888,17.4%,,10,8,
414,1480,KyberSwap (BSC),https://dmm.exchange,,,,https://blog.kyber.network/,https://twitter.com/KyberNetwork,,active,308,0.1,€,100%,,9,10,
415,1481,KyberSwap (Avalanche),https://dmm.exchange,,,,https://blog.kyber.network/,https://twitter.com/KyberNetwork,,active,220,2.7,€4468076,41.08%,,7,7,
416,1482,Solarbeam,https://solarbeam.io/,46398,,,https://solarbeam.medium.com/,https://twitter.com/solarbeamio,2021-08-31,active,,,,,,,,
417,1483,AutoShark Finance,https://autoshark.info/,1557,,,https://medium.com/autosharkfin,https://twitter.com/AutoSharkFin,2021-09-16,active,,,,,,,,
418,1484,DODO (Arbitrum),https://app.dodoex.io,115422,,,https://dodo-in-the-zoo.medium.com/,https://twitter.com/BreederDodo,2020-08-14,active,,,,,,,,
419,1485,MCDEX,https://app.mcdex.io/trade/00001/?chainId=42161,6642,,,https://mcdex.medium.com/,https://twitter.com/MonteCarloDEX,2019-11-30,active,,,,,,,,
420,1486,KAIDEX,https://kaidex.io/,24535,VN,,,https://twitter.com/kardiachain,2021-05-05,active,,,,,,,,
421,1488,Aldrin,https://dex.aldrin.com/,73996,,,,https://twitter.com/Aldrin_Exchange,2021-05-31,active,,,,,,,,
422,1489,Planet Finance,https://planetfinance.io/,17939,,,https://medium.com/@planetfinanceio,https://twitter.com/planet_finance,2021-06-10,active,,,,,,,,
423,1490,PlasmaSwap (BSC),https://apy.plasma.finance/#/liquidity-pools,,,,https://medium.com/plasmapay,https://twitter.com/0xplasma,,active,,,,,,,,
424,1491,PlasmaSwap (Polygon),https://apy.plasma.finance/#/liquidity-pools,,,,https://medium.com/plasmapay,https://twitter.com/0xplasma,,active,,,,,,,,
425,1493,ZilSwap,https://zilswap.io,51531,,,https://docs.zilswap.io/,https://twitter.com/ZilSwap,2020-10-04,active,,,,,,,,
426,1494,SiennaSwap,https://secretanalytics.xyz/siennaswap,2493,,,,https://twitter.com/sienna_network,2021-10-06,active,,,,,,,,
427,1496,Dinosaur Eggs,https://info.dsgmetaverse.com/#/home,1271,,,,https://twitter.com/dsgmetaverse,2021-09-30,active,,,,,,,,
428,1499,Deri Protocol,https://www.deri.finance/,13706,,,https://deri-protocol.medium.com/,https://twitter.com/DeriProtocol,2021-02-07,active,,,,,,,,
429,1505,DeFi Kingdoms,https://defikingdoms.com/,210274,,,,https://twitter.com/DefiKingdoms,2021-08-21,active,,,,,,,,
430,1507,BitCoke,https://www.bitcoke.com,439,,,https://medium.com/@BitCoke,https://twitter.com/BitCokedotcom,2019-08-19,active,309,0.1,€,161.68%,,31,32,
431,1510,Ref Finance,https://www.ref.finance/,14154,,,,https://twitter.com/finance_ref,2021-03-09,active,,,,,,,,
432,1511,PaintSwap,https://exchange.paintswap.finance/#/swap,3618,,,https://medium.com/paint-swap-finance,https://twitter.com/paint_swap,2021-05-19,active,,,,,,,,
433,1513,Elk.Finance (AVAX),https://app.elk.finance,34942,,,https://elk-finance.medium.com/,https://twitter.com/elk_finance,2021-03-17,active,,,,,,,,
434,1515,Wagyuswap,https://exchange.wagyuswap.app/info,165241,,,,https://twitter.com/WagyuSwap_app,2021-10-31,active,,,,,,,,
435,1516,SPHYNX SWAP,https://thesphynx.co,18130,,,,,,active,,,,,,,,
436,1519,CoinSwap.com (BSC),https://bsc.coinswap.com/#/trade/swap?lang=en,1493,,,,https://twitter.com/Coinswap_,2021-09-12,active,,,,,,,,
437,1521,MojitoSwap,https://app.mojitoswap.finance/#/farm,24021,,,,https://twitter.com/MojitoSwap,2021-10-08,active,,,,,,,,
438,1522,DFX Finance(Ethereum),https://app.dfx.finance/pools,2779,,,,https://twitter.com/DFXFinance,2021-06-08,active,,,,,,,,
439,1526,Elk.Finance (Polygon),https://app.elk.finance,,,,https://elk-finance.medium.com/,https://twitter.com/elk_finance,2021-03-17,active,,,,,,,,
440,1527,Elk.Finance (BSC),https://app.elk.finance,,,,https://elk-finance.medium.com/,https://twitter.com/elk_finance,2021-03-17,active,,,,,,,,
441,1529,CRODEX,https://charts.crodex.app/,27660,,,,https://twitter.com/crodexapp,2021-11-07,active,,,,,,,,
442,1530,VVS Finance,https://vvs.finance/,573233,,,https://medium.com/vvs-finance,https://twitter.com/VVS_finance,2021-11-09,active,,,,,,,,
443,1534,ApolloX DEX,https://www.apollox.finance/en/futures/BTCUSDT,10008,,,,https://twitter.com/ApolloX_com,2021-11-14,active,,,,,,,,
444,1536,Maiar Exchange,https://maiar.exchange,1411594,,,https://elrond.com/blog/maiar-exchange/,https://twitter.com/MaiarExchange,2021-04-08,active,,,,,,,,
445,1540,SushiSwap (Celo),https://app.sushi.com/swap,,,,,,,active,264,1.4,€1786608,1036.4%,,8,6,
446,1543,Katana,https://katana.roninchain.com/#/swap,686919,,,,,,active,148,3.4,€25261173,38.81%,,3,4,
447,1544,OolongSwap,https://oolongswap.com/#/swap,35834,,,,https://twitter.com/oolongswap,2021-11-03,active,,,,,,,,
448,1547,CronaSwap,https://cronaswap.org,,,,,https://twitter.com/cronaswap,2021-11-11,active,,,,,,,,
449,1561,Bit2Me,https://trade.bit2me.com/exchange/BTC-EUR,1949,,,https://medium.com/@bit2me,https://twitter.com/bit2me,2014-07-22,active,88,4.2,€113592298,104.53%,454,1,2,
450,1563,BTCEX,https://www.btcex.com,592601,,,https://blog.naver.com/btcex,https://twitter.com/BTCEX_exchange,2021-06-29,active,91,4.1,€235252885,124.29%,,59,60,
451,1567,Uniswap (V3) (Polygon),https://app.uniswap.org/#/swap,,,,https://uniswap.org/blog/launch-uniswap-v3/,https://twitter.com/Uniswap,2021-12-23,active,,,,,,,,
452,,Crex,,,,,,,,,242,2.3,€3449921,9.32%,52,396,330,
